Workbook

Sheet Dashboard
O1: =O4/O5
B2: Essence Alpha Assessment
B3: Projectvoortgang & prestaties — kernel + practices, gemeten door alpha-toestand · beoordeeld op solution-niveau (zie het tabblad Schaalniveaus) | O3: 12
O4: =Opportunity!M1+Stakeholders!M1+Requirements!M1+System!M1+'Architectural Drivers'!M1+Architecture!M1+'Architecture Decisions'!M1+'Paved Road'!M1+Work!M1+Team!M1+'Way of Working'!M1+Governance!M1
B5: TOTALE VOLTOOIING | D5: ALPHAS VOLLEDIG | F5: CHECKLISTPUNTEN | O5: =Opportunity!M2+Stakeholders!M2+Requirements!M2+System!M2+'Architectural Drivers'!M2+Architecture!M2+'Architecture Decisions'!M2+'Paved Road'!M2+Work!M2+Team!M2+'Way of Working'!M2+Governance!M2
B6: =O1 | D6: =COUNTIF(H10:H23,"✔ Volledig")&" / "&O3 | F6: =O4&" / "&O5
B8: ALPHA | C8: EIGENAAR | D8: NIVEAU | E8: HUIDIGE TOESTAND | F8: VOORTGANG | G8: DOELTOESTAND | H8: STATUS
B9: CUSTOMER
B10: Opportunity | C10: Kernel | D10: SOLUTION | E10: =Opportunity!B5 | F10: =Opportunity!C5 | G10: Benefit Accrued | H10: =IF(F10>=1,"✔ Volledig",IF(F10>0,"● In uitvoering","○ Niet gestart"))
B11: Stakeholders | C11: Kernel | D11: SOLUTION | E11: =Stakeholders!B5 | F11: =Stakeholders!C5 | G11: Satisfied in Use | H11: =IF(F11>=1,"✔ Volledig",IF(F11>0,"● In uitvoering","○ Niet gestart"))
B12: SOLUTION
B13: Requirements | C13: Kernel | D13: SOLUTION | E13: =Requirements!B5 | F13: =Requirements!C5 | G13: Fulfilled | H13: =IF(F13>=1,"✔ Volledig",IF(F13>0,"● In uitvoering","○ Niet gestart"))
B14: System | C14: Kernel | D14: SOLUTION | E14: =System!B5 | F14: =System!C5 | G14: Operational | H14: =IF(F14>=1,"✔ Volledig",IF(F14>0,"● In uitvoering","○ Niet gestart"))
B15: Architectural Drivers | C15: MVA | D15: SOLUTION | E15: ='Architectural Drivers'!B5 | F15: ='Architectural Drivers'!C5 | G15: Sustained | H15: =IF(F15>=1,"✔ Volledig",IF(F15>0,"● In uitvoering","○ Niet gestart"))
B16: Architecture | C16: MVA | D16: SOLUTION | E16: =Architecture!B5 | F16: =Architecture!C5 | G16: Established | H16: =IF(F16>=1,"✔ Volledig",IF(F16>0,"● In uitvoering","○ Niet gestart"))
B17: Architecture Decisions | C17: MVA | D17: SOLUTION | E17: ='Architecture Decisions'!B5 | F17: ='Architecture Decisions'!C5 | G17: Validated | H17: =IF(F17>=1,"✔ Volledig",IF(F17>0,"● In uitvoering","○ Niet gestart"))
B18: Paved Road | C18: MVA | D18: ENTERPRISE | E18: ='Paved Road'!B5 | F18: ='Paved Road'!C5 | G18: Pervasive | H18: =IF(F18>=1,"✔ Volledig",IF(F18>0,"● In uitvoering","○ Niet gestart"))
B19: ENDEAVOR
B20: Work | C20: Kernel | D20: SOLUTION | E20: =Work!B5 | F20: =Work!C5 | G20: Closed | H20: =IF(F20>=1,"✔ Volledig",IF(F20>0,"● In uitvoering","○ Niet gestart"))
B21: Team | C21: Kernel | D21: SOLUTION | E21: =Team!B5 | F21: =Team!C5 | G21: Performing | H21: =IF(F21>=1,"✔ Volledig",IF(F21>0,"● In uitvoering","○ Niet gestart"))
B22: Way of Working | C22: Kernel | D22: SOLUTION | E22: ='Way of Working'!B5 | F22: ='Way of Working'!C5 | G22: Working Well | H22: =IF(F22>=1,"✔ Volledig",IF(F22>0,"● In uitvoering","○ Niet gestart"))
B23: Governance | C23: MVG | D23: SPANS LEVELS | E23: =Governance!B5 | F23: =Governance!C5 | G23: Effective | H23: =IF(F23>=1,"✔ Volledig",IF(F23>0,"● In uitvoering","○ Niet gestart"))
B25: Tip: open een alpha-tabblad en vink de ✔-kolom (dropdown) aan per checklistpunt. Huidige toestand, voortgang en dit dashboard worden automatisch bijgewerkt. • Voorbeelddata weergegeven — wis de ✔-cellen voor een lege beoordeling.
B26: Status: ✔ Volledig ● In uitvoering ○ Niet gestart Niveau: Enterprise (geërfd) · Solution (eigendom) · Spans
B27: → Zie het tabblad 'Schaalniveaus' voor uitleg over de niveaus

Sheet Schaalniveaus
B1: Schaalniveaus — het System benoemen
B2: Het System-alpha is het systeem van interesse — en het is fractaal. Kies het niveau voordat u beoordeelt.
B3: Een enterprise is een systeem van systemen; een solution is een sub-systeem van de enterprise; een geconfigureerd product is een sub-systeem van de solution. Dezelfde kernel en practices worden op elk niveau toegepast — en wat op één niveau een System is, is op het niveau daarboven een sub-systeem. De grens die u trekt bepaalt wat elk alpha werkelijk meet.
B4: ENTERPRISE — System = de enterprise Enterprise-architectuur, de paved road, drivers en staande governance zijn hier eigendom. | C4: SOLUTION / PROJECT — System = de solution Erft de enterprise paved road, drivers en governance als context; bezit de architectuur en beslissingen voor deze solution. | D4: COMPONENT — System = een geconfigureerd product Een sub-systeem van de solution, apart bijgehouden wanneer dat gerechtvaardigd is.
B5: Dezelfde kernel + practices lopen op elk niveau; een System op één niveau is een sub-systeem op het niveau daarboven.
B6: WELKE PRACTICE WAAR LOOPT
B7: ENTERPRISE → | C7: TOGAF Business Scenarios-techniek (kwantificeer de drivers) · enterprise MVA · MVG (guardrails + paved road) — doorgegeven als context
B8: SOLUTION → | C8: MVA (architectureer binnen de guardrails) — stuurt bewijs en nieuwe drivers terug omhoog
B9: Dit werkboek beoordeelt op SOLUTION-niveau. Alphas die hier eigendom zijn zijn getagd als Solution; de Paved Road is Enterprise (geërfd van de Enterprise); Governance overspant niveaus. De niveau-tag staat op elk alpha-tabblad (rechtsbovenin) en in het dashboard.

Sheet Opportunity
B1: ← Dashboard | M1: =SUM(H7:H12)
B2: Opportunity | E2: SOLUTION | M2: =SUM(I7:I12)
B3: De omstandigheden die een nieuw of gewijzigd systeem de moeite waard maken. | M3: =SUM(K7:K12)
B4: HUIDIGE TOESTAND | C4: VOORTGANG | D4: TOESTANDEN BEREIKT | E4: EIGENAAR · GEBIED | M4: =SUM(J7:J12)
B5: =IF(M3=0,"Niet gestart",INDEX(G7:G12,M3)) | C5: =IF(M2=0,0,M1/M2) | D5: =M4&" / "&6 | E5: Kernel · CUST
B6: TOESTAND | C6: ✔ | D6: CHECKLISTPUNT | E6: TOESTANDSSTATUS
B7: 1. Identified | C7: ✔ | D7: Een idee voor het verbeteren van de manier van werken, het vergroten van het marktaandeel of het toepassen van een nieuw systeem is geïdentificeerd. | E7: =COUNTIF(C7:C9,"✔")&" / 3" | G7: Identified | H7: =COUNTIF(C7:C9,"✔") | I7: 3 | J7: =IF(H7=I7,1,0) | K7: =J7
C8: ✔ | D8: Minimaal één stakeholder wil investeren in het begrijpen van de opportunity en de waarde ervan. | G8: Solution Needed | H8: =COUNTIF(C10:C14,"✔") | I8: 5 | J8: =IF(H8=I8,1,0) | K8: =J8*K7
C9: ✔ | D9: De overige stakeholders die de opportunity delen zijn geïdentificeerd. | G9: Value Established | H9: =COUNTIF(C15:C19,"✔") | I9: 5 | J9: =IF(H9=I9,1,0) | K9: =J9*K8
B10: 2. Solution Needed | C10: ✔ | D10: De stakeholders bij de opportunity en de voorgestelde oplossing zijn geïdentificeerd. | E10: =COUNTIF(C10:C14,"✔")&" / 5" | G10: Viable | H10: =COUNTIF(C20:C24,"✔") | I10: 5 | J10: =IF(H10=I10,1,0) | K10: =J10*K9
C11: ✔ | D11: De behoeften van stakeholders die de opportunity genereren zijn vastgesteld. | G11: Addressed | H11: =COUNTIF(C25:C27,"✔") | I11: 3 | J11: =IF(H11=I11,1,0) | K11: =J11*K10
C12: ✔ | D12: Eventuele onderliggende problemen en hun oorzaken zijn geïdentificeerd. | G12: Benefit Accrued | H12: =COUNTIF(C28:C29,"✔") | I12: 2 | J12: =IF(H12=I12,1,0) | K12: =J12*K11
C13: ✔ | D13: Bevestigd is dat een systeem-gebaseerde oplossing nodig is.
C14: ✔ | D14: Minimaal één oplossing is voorgesteld.
B15: 3. Value Established | C15: ✔ | D15: De waarde van het aanpakken van de opportunity is gekwantificeerd. | E15: =COUNTIF(C15:C19,"✔")&" / 5"
C16: ✔ | D16: De impact van de oplossing op de stakeholders is begrepen.
C17: ✔ | D17: De waarde die het systeem biedt aan degenen die het financieren en gebruiken is begrepen.
C18: ✔ | D18: De succescriteria voor de inzet zijn duidelijk.
C19: ✔ | D19: De gewenste uitkomsten zijn duidelijk en gekwantificeerd.
B20: 4. Viable | C20: ✔ | D20: Een oplossing is geschetst. | E20: =COUNTIF(C20:C24,"✔")&" / 5"
C21: ✔ | D21: De oplossing kan worden ontwikkeld en ingezet binnen de beperkingen.
D22: De risico's van de oplossing zijn aanvaardbaar en beheersbaar.
D23: De globale kosten zijn lager dan de verwachte waarde van de opportunity.
D24: Het is duidelijk dat het nastreven van de opportunity haalbaar is.
B25: 5. Addressed | D25: Een bruikbaar systeem dat aantoonbaar de opportunity aanpakt is beschikbaar. | E25: =COUNTIF(C25:C27,"✔")&" / 3"
D26: Stakeholders zijn het erover eens dat de beschikbare oplossing het waard is om in te zetten.
D27: Stakeholders zijn tevreden dat de oplossing de opportunity aanpakt.
B28: 6. Benefit Accrued | D28: De oplossing heeft voordelen voor stakeholders beginnen op te leveren. | E28: =COUNTIF(C28:C29,"✔")&" / 2"
D29: Het rendement op investering is minimaal zo goed als verwacht.

Sheet Stakeholders
B1: ← Dashboard | M1: =SUM(H7:H12)
B2: Stakeholders | E2: SOLUTION | M2: =SUM(I7:I12)
B3: De mensen en organisaties die het systeem beïnvloeden of erdoor worden beïnvloed. | M3: =SUM(K7:K12)
B4: HUIDIGE TOESTAND | C4: VOORTGANG | D4: TOESTANDEN BEREIKT | E4: EIGENAAR · GEBIED | M4: =SUM(J7:J12)
B5: =IF(M3=0,"Niet gestart",INDEX(G7:G12,M3)) | C5: =IF(M2=0,0,M1/M2) | D5: =M4&" / "&6 | E5: Kernel · CUST
B6: TOESTAND | C6: ✔ | D6: CHECKLISTPUNT | E6: TOESTANDSSTATUS
B7: 1. Recognized | C7: ✔ | D7: De stakeholdergroepen zijn geïdentificeerd. | E7: =COUNTIF(C7:C9,"✔")&" / 3" | G7: Recognized | H7: =COUNTIF(C7:C9,"✔") | I7: 3 | J7: =IF(H7=I7,1,0) | K7: =J7
C8: ✔ | D8: De sleutelstakeholdergroepen zijn vertegenwoordigd. | G8: Represented | H8: =COUNTIF(C10:C13,"✔") | I8: 4 | J8: =IF(H8=I8,1,0) | K8: =J8*K7
C9: ✔ | D9: De verantwoordelijkheden van de stakeholdervertegenwoordigers zijn gedefinieerd. | G9: Involved | H9: =COUNTIF(C14:C16,"✔") | I9: 3 | J9: =IF(H9=I9,1,0) | K9: =J9*K8
B10: 2. Represented | C10: ✔ | D10: De vertegenwoordigers hebben hun verantwoordelijkheden overeengekomen. | E10: =COUNTIF(C10:C13,"✔")&" / 4" | G10: In Agreement | H10: =COUNTIF(C17:C21,"✔") | I10: 5 | J10: =IF(H10=I10,1,0) | K10: =J10*K9
C11: ✔ | D11: De vertegenwoordigers zijn gemachtigd hun verantwoordelijkheden uit te voeren. | G11: Satisfied for Deployment | H11: =COUNTIF(C22:C23,"✔") | I11: 2 | J11: =IF(H11=I11,1,0) | K11: =J11*K10
C12: ✔ | D12: De samenwerkingsaanpak onder vertegenwoordigers is overeengekomen. | G12: Satisfied in Use | H12: =COUNTIF(C24:C25,"✔") | I12: 2 | J12: =IF(H12=I12,1,0) | K12: =J12*K11
C13: ✔ | D13: De manier van werken van het team wordt ondersteund en gerespecteerd door de stakeholders.
B14: 3. Involved | C14: ✔ | D14: De vertegenwoordigers ondersteunen het team conform hun verantwoordelijkheden. | E14: =COUNTIF(C14:C16,"✔")&" / 3"
C15: ✔ | D15: De vertegenwoordigers geven feedback en nemen tijdig beslissingen.
C16: ✔ | D16: Wijzigingen worden tijdig gecommuniceerd aan het team en stakeholders.
B17: 4. In Agreement | C17: ✔ | D17: De minimale verwachtingen van de stakeholdergroepen zijn overeengekomen. | E17: =COUNTIF(C17:C21,"✔")&" / 5"
C18: ✔ | D18: De vertegenwoordigers zijn tevreden met hun betrokkenheid.
C19: ✔ | D19: De bijdrage van de vertegenwoordigers wordt gewaardeerd door het team.
D20: De bijdrage van het team wordt gewaardeerd door de vertegenwoordigers.
D21: Prioriteiten zijn duidelijk en perspectieven zijn gebalanceerd.
B22: 5. Satisfied for Deployment | D22: De vertegenwoordigers geven feedback op het systeem vanuit het perspectief van hun groep. | E22: =COUNTIF(C22:C23,"✔")&" / 2"
D23: De vertegenwoordigers bevestigen dat het systeem klaar is voor inzet.
B24: 6. Satisfied in Use | D24: De stakeholders gebruiken het systeem en geven feedback. | E24: =COUNTIF(C24:C25,"✔")&" / 2"
D25: De stakeholders bevestigen dat het systeem aan hun verwachtingen voldoet.

Sheet Requirements
B1: ← Dashboard | M1: =SUM(H7:H12)
B2: Requirements | E2: SOLUTION | M2: =SUM(I7:I12)
B3: Wat het systeem moet doen om de opportunity aan te pakken en de stakeholders tevreden te stellen. | M3: =SUM(K7:K12)
B4: HUIDIGE TOESTAND | C4: VOORTGANG | D4: TOESTANDEN BEREIKT | E4: EIGENAAR · GEBIED | M4: =SUM(J7:J12)
B5: =IF(M3=0,"Niet gestart",INDEX(G7:G12,M3)) | C5: =IF(M2=0,0,M1/M2) | D5: =M4&" / "&6 | E5: Kernel · SOL
B6: TOESTAND | C6: ✔ | D6: CHECKLISTPUNT | E6: TOESTANDSSTATUS
B7: 1. Conceived | C7: ✔ | D7: De initiële stakeholders zijn het erover eens dat een systeem geproduceerd moet worden. | E7: =COUNTIF(C7:C10,"✔")&" / 4" | G7: Conceived | H7: =COUNTIF(C7:C10,"✔") | I7: 4 | J7: =IF(H7=I7,1,0) | K7: =J7
C8: ✔ | D8: De stakeholders die het systeem zullen gebruiken zijn geïdentificeerd. | G8: Bounded | H8: =COUNTIF(C11:C19,"✔") | I8: 9 | J8: =IF(H8=I8,1,0) | K8: =J8*K7
C9: ✔ | D9: De stakeholders die het initiële werk zullen financieren zijn geïdentificeerd. | G9: Coherent | H9: =COUNTIF(C20:C26,"✔") | I9: 7 | J9: =IF(H9=I9,1,0) | K9: =J9*K8
C10: ✔ | D10: Er is een duidelijke opportunity voor het systeem om aan te pakken. | G10: Acceptable | H10: =COUNTIF(C27:C30,"✔") | I10: 4 | J10: =IF(H10=I10,1,0) | K10: =J10*K9
B11: 2. Bounded | C11: ✔ | D11: De stakeholders betrokken bij de ontwikkeling van het systeem zijn geïdentificeerd. | E11: =COUNTIF(C11:C19,"✔")&" / 9" | G11: Addressed | H11: =COUNTIF(C31:C33,"✔") | I11: 3 | J11: =IF(H11=I11,1,0) | K11: =J11*K10
C12: ✔ | D12: De stakeholders zijn het eens over het doel van het systeem. | G12: Fulfilled | H12: =COUNTIF(C34:C36,"✔") | I12: 3 | J12: =IF(H12=I12,1,0) | K12: =J12*K11
C13: ✔ | D13: Het is duidelijk wat succes is voor het systeem.
C14: ✔ | D14: Er is een gedeeld begrip van de omvang van de oplossing.
C15: ✔ | D15: De manier waarop requirements beschreven worden is overeengekomen.
C16: ✔ | D16: De mechanismen voor het beheer van requirements zijn aanwezig.
C17: ✔ | D17: Het prioriteringsschema is duidelijk.
C18: ✔ | D18: Beperkingen zijn geïdentificeerd en meegewogen.
C19: ✔ | D19: Aannames zijn duidelijk geformuleerd.
B20: 3. Coherent | C20: ✔ | D20: De requirements zijn vastgelegd en gedeeld met het team en stakeholders. | E20: =COUNTIF(C20:C26,"✔")&" / 7"
C21: ✔ | D21: De herkomst en onderbouwing van de requirements zijn duidelijk.
C22: ✔ | D22: Conflicterende requirements zijn geïdentificeerd en aangepakt.
C23: ✔ | D23: De requirements beschrijven de essentiële kenmerken van het systeem.
D24: De belangrijkste gebruiksscenario's kunnen worden uitgelegd.
D25: De prioriteit van de requirements is duidelijk.
D26: Het team begrijpt wat opgeleverd moet worden en is het erover eens dit te doen.
B27: 4. Acceptable | D27: Stakeholders accepteren dat de requirements een aanvaardbare oplossing beschrijven. | E27: =COUNTIF(C27:C30,"✔")&" / 4"
D28: Het wijzigingstempo van overeengekomen requirements is laag en onder controle.
D29: De waarde van het implementeren van de requirements is duidelijk.
D30: De requirements zijn testbaar.
B31: 5. Addressed | D31: Genoeg requirements zijn afgehandeld voor het systeem om aanvaardbaar te zijn. | E31: =COUNTIF(C31:C33,"✔")&" / 3"
D32: De geïmplementeerde requirements leveren duidelijke waarde.
D33: Het systeem wordt door stakeholders geaccepteerd als het waard om operationeel te maken.
B34: 6. Fulfilled | D34: Stakeholders accepteren dat de requirements vastleggen wat zij nodig hebben. | E34: =COUNTIF(C34:C36,"✔")&" / 3"
D35: Geen openstaande requirements verhinderen acceptatie.
D36: Het systeem voldoet volledig aan de requirements.

Sheet System
B1: ← Dashboard | M1: =SUM(H7:H12)
B2: System | E2: SOLUTION | M2: =SUM(I7:I12)
B3: Het systeem dat waarde levert — software, geconfigureerde producten, hardware, data en services. Een generalisatie van Essence's Software System. | M3: =SUM(K7:K12)
B4: HUIDIGE TOESTAND | C4: VOORTGANG | D4: TOESTANDEN BEREIKT | E4: EIGENAAR · GEBIED | M4: =SUM(J7:J12)
B5: =IF(M3=0,"Niet gestart",INDEX(G7:G12,M3)) | C5: =IF(M2=0,0,M1/M2) | D5: =M4&" / "&6 | E5: Kernel · SOL
B6: TOESTAND | C6: ✔ | D6: CHECKLISTPUNT | E6: TOESTANDSSTATUS
B7: 1. Architecture Selected | C7: ✔ | D7: De criteria voor het selecteren van de architectuur zijn overeengekomen. | E7: =COUNTIF(C7:C10,"✔")&" / 4" | G7: Architecture Selected | H7: =COUNTIF(C7:C10,"✔") | I7: 4 | J7: =IF(H7=I7,1,0) | K7: =J7
C8: ✔ | D8: Een architectuur is geselecteerd die de sleuteltechnische risico's aanpakt. | G8: Demonstrable | H8: =COUNTIF(C11:C14,"✔") | I8: 4 | J8: =IF(H8=I8,1,0) | K8: =J8*K7
C9: ✔ | D9: De bouwen / kopen / configureren-beslissingen zijn genomen. | G9: Usable | H9: =COUNTIF(C15:C18,"✔") | I9: 4 | J9: =IF(H9=I9,1,0) | K9: =J9*K8
C10: ✔ | D10: De technologie- en platformbeslissingen zijn overeengekomen met stakeholders. | G10: Ready | H10: =COUNTIF(C19:C22,"✔") | I10: 4 | J10: =IF(H10=I10,1,0) | K10: =J10*K9
B11: 2. Demonstrable | C11: ✔ | D11: De sleutelarchitectuurkenmerken zijn aangetoond. | E11: =COUNTIF(C11:C14,"✔")&" / 4" | G11: Operational | H11: =COUNTIF(C23:C25,"✔") | I11: 3 | J11: =IF(H11=I11,1,0) | K11: =J11*K10
C12: ✔ | D12: De relevante stakeholders zijn het erover eens dat de architectuur geschikt is. | G12: Retired | H12: =COUNTIF(C26:C27,"✔") | I12: 2 | J12: =IF(H12=I12,1,0) | K12: =J12*K11
D13: De kritieke interfaces en integraties zijn getest.
D14: Prestaties zijn gemeten ten opzichte van de sleuteldrivers.
B15: 3. Usable | D15: Het systeem kan worden bediend door representatieve gebruikers. | E15: =COUNTIF(C15:C18,"✔")&" / 4"
D16: De functionaliteit is aangetoond.
D17: De prestatie- en defectniveaus zijn aanvaardbaar.
D18: Een bruikbaar systeem is beschikbaar.
B19: 4. Ready | D19: Het systeem heeft de overeengekomen tests doorstaan. | E19: =COUNTIF(C19:C22,"✔")&" / 4"
D20: Operationele en ondersteuningsdocumentatie is beschikbaar.
D21: De stakeholdervertegenwoordigers accepteren het systeem.
D22: Het systeem is klaar voor inzet.
B23: 5. Operational | D23: Het systeem is in gebruik in de operationele omgeving. | E23: =COUNTIF(C23:C25,"✔")&" / 3"
D24: Het systeem wordt ondersteund conform de overeengekomen serviceniveaus.
D25: Het systeem is beschikbaar voor de beoogde gebruikers.
B26: 6. Retired | D26: Het systeem wordt niet meer ondersteund. | E26: =COUNTIF(C26:C27,"✔")&" / 2"
D27: Het systeem is vervangen of uit gebruik genomen.

Sheet Architectural Drivers
B1: ← Dashboard | M1: =SUM(H7:H11)
B2: Architectural Drivers | E2: SOLUTION | M2: =SUM(I7:I11)
B3: De zakelijke en technische eisen die architectuurkeuzes sturen. Omvat: strategische drivers (aanleiding), doelen (goals), kwaliteitsattributen (performance, security, …), beperkingen (constraints) en principes. Vergelijkbaar met de ArchiMate motivatielaag (Driver · Goal · Requirement · Constraint · Principle). | M3: =SUM(K7:K11)
B4: HUIDIGE TOESTAND | C4: VOORTGANG | D4: TOESTANDEN BEREIKT | E4: EIGENAAR · GEBIED | M4: =SUM(J7:J11)
B5: =IF(M3=0,"Niet gestart",INDEX(G7:G11,M3)) | C5: =IF(M2=0,0,M1/M2) | D5: =M4&" / "&5 | E5: MVA · SOL
B6: TOESTAND | C6: ✔ | D6: CHECKLISTPUNT | E6: TOESTANDSSTATUS
B7: 1. Identified | C7: ✔ | D7: Architectureel significante drivers zijn naar voren gebracht — denk aan strategische doelen, kwaliteitsattributen (bijv. performance, beveiliging), beperkingen (budget, technologie) en geldende principes. | E7: =COUNTIF(C7:C8,"✔")&" / 2" | G7: Identified | H7: =COUNTIF(C7:C8,"✔") | I7: 2 | J7: =IF(H7=I7,1,0) | K7: =J7
C8: ✔ | D8: Van elke driver zijn type, omschrijving en eigenaar vastgelegd. | G8: Prioritised | H8: =COUNTIF(C9:C10,"✔") | I8: 2 | J8: =IF(H8=I8,1,0) | K8: =J8*K7
B9: 2. Prioritised | C9: ✔ | D9: De architectureel significante drivers zijn overeengekomen en naar gewicht gerangschikt. | E9: =COUNTIF(C9:C10,"✔")&" / 2" | G9: Quantified | H9: =COUNTIF(C11:C12,"✔") | I9: 2 | J9: =IF(H9=I9,1,0) | K9: =J9*K8
C10: ✔ | D10: De overige drivers zijn expliciet uitgesteld of verworpen. | G10: Addressed | H10: =COUNTIF(C13:C14,"✔") | I10: 2 | J10: =IF(H10=I10,1,0) | K10: =J10*K9
B11: 3. Quantified | C11: ✔ | D11: Elke significante driver heeft een meetbaar succescriterium (bijv. responstijd < 500 ms, beschikbaarheid ≥ 99,9%, kosten < X). | E11: =COUNTIF(C11:C12,"✔")&" / 2" | G11: Sustained | H11: =COUNTIF(C15:C16,"✔") | I11: 2 | J11: =IF(H11=I11,1,0) | K11: =J11*K10
C12: ✔ | D12: De meetcriteria zijn overeengekomen met de stakeholders.
B13: 4. Addressed | C13: ✔ | D13: De drivers zijn weerspiegeld in de beslissingen en de architectuur. | E13: =COUNTIF(C13:C14,"✔")&" / 2"
D14: Bewijs toont aan dat de drivers worden nageleefd.
B15: 5. Sustained | D15: De drivers worden bewaakt naarmate de context verandert. | E15: =COUNTIF(C15:C16,"✔")&" / 2"
D16: De drivers worden opnieuw gevalideerd en bijgewerkt wanneer nodig.

Sheet Architecture
B1: ← Dashboard | M1: =SUM(H7:H12)
B2: Architecture | E2: SOLUTION | M2: =SUM(I7:I12)
B3: De minimale set van structuren, bouwstenen en overzichten die nodig zijn om de significante drivers te vervullen en levering mogelijk te maken. | M3: =SUM(K7:K12)
B4: HUIDIGE TOESTAND | C4: VOORTGANG | D4: TOESTANDEN BEREIKT | E4: EIGENAAR · GEBIED | M4: =SUM(J7:J12)
B5: =IF(M3=0,"Niet gestart",INDEX(G7:G12,M3)) | C5: =IF(M2=0,0,M1/M2) | D5: =M4&" / "&6 | E5: MVA · SOL
B6: TOESTAND | C6: ✔ | D6: CHECKLISTPUNT | E6: TOESTANDSSTATUS
B7: 1. Envisioned | C7: ✔ | D7: De doelrichting, scope en waarde zijn overeengekomen op één pagina. | E7: =COUNTIF(C7:C8,"✔")&" / 2" | G7: Envisioned | H7: =COUNTIF(C7:C8,"✔") | I7: 2 | J7: =IF(H7=I7,1,0) | K7: =J7
C8: ✔ | D8: De sleutelstakeholders delen de visie. | G8: Outlined | H8: =COUNTIF(C9:C10,"✔") | I8: 2 | J8: =IF(H8=I8,1,0) | K8: =J8*K7
B9: 2. Outlined | C9: ✔ | D9: De minimale haalbare structuur, grenzen en interfaces zijn gedefinieerd. | E9: =COUNTIF(C9:C10,"✔")&" / 2" | G9: Demonstrated | H9: =COUNTIF(C11:C12,"✔") | I9: 2 | J9: =IF(H9=I9,1,0) | K9: =J9*K8
C10: ✔ | D10: Alleen de bouwstenen die nu nodig zijn zijn opgenomen. | G10: Usable | H10: =COUNTIF(C13:C14,"✔") | I10: 2 | J10: =IF(H10=I10,1,0) | K10: =J10*K9
B11: 3. Demonstrated | C11: ✔ | D11: De risicovolste delen zijn bewezen via spike, referentie of increment. | E11: =COUNTIF(C11:C12,"✔")&" / 2" | G11: Established | H11: =COUNTIF(C15:C15,"✔") | I11: 1 | J11: =IF(H11=I11,1,0) | K11: =J11*K10
C12: ✔ | D12: De sleutelbeslissingen zijn gevalideerd door bewijs. | G12: Evolving | H12: =COUNTIF(C16:C17,"✔") | I12: 2 | J12: =IF(H12=I12,1,0) | K12: =J12*K11
B13: 4. Usable | C13: ✔ | D13: De architectuur leidt actief levering en stelt beperkingen. | E13: =COUNTIF(C13:C14,"✔")&" / 2"
D14: De teams bouwen er actief binnen.
B15: 5. Established | D15: De architectuur is operationeel en levert de beoogde uitkomsten. | E15: =COUNTIF(C15:C15,"✔")&" / 1"
B16: 6. Evolving | D16: De architectuur verandert onder beheerde, continue aanpassing. | E16: =COUNTIF(C16:C17,"✔")&" / 2"
D17: Wijziging wordt afgehandeld zonder grootschalige herontwikkeling.

Sheet Architecture Decisions
B1: ← Dashboard | M1: =SUM(H7:H11)
B2: Architecture Decisions | E2: SOLUTION | M2: =SUM(I7:I11)
B3: De significante, moeilijk terug te draaien keuzes die de architectuur vormen. | M3: =SUM(K7:K11)
B4: HUIDIGE TOESTAND | C4: VOORTGANG | D4: TOESTANDEN BEREIKT | E4: EIGENAAR · GEBIED | M4: =SUM(J7:J11)
B5: =IF(M3=0,"Niet gestart",INDEX(G7:G11,M3)) | C5: =IF(M2=0,0,M1/M2) | D5: =M4&" / "&5 | E5: MVA · SOL
B6: TOESTAND | C6: ✔ | D6: CHECKLISTPUNT | E6: TOESTANDSSTATUS
B7: 1. Needed | C7: ✔ | D7: Een significant, moeilijk terug te draaien beslissingspunt is herkend en eigendom aangewezen. | E7: =COUNTIF(C7:C7,"✔")&" / 1" | G7: Needed | H7: =COUNTIF(C7:C7,"✔") | I7: 1 | J7: =IF(H7=I7,1,0) | K7: =J7
B8: 2. Framed | C8: ✔ | D8: De opties, afwegingen en het laatste verantwoorde moment zijn begrepen. | E8: =COUNTIF(C8:C8,"✔")&" / 1" | G8: Framed | H8: =COUNTIF(C8:C8,"✔") | I8: 1 | J8: =IF(H8=I8,1,0) | K8: =J8*K7
B9: 3. Decided | C9: ✔ | D9: De keuze is gemaakt en vastgelegd met onderbouwing en consequenties (ADR). | E9: =COUNTIF(C9:C9,"✔")&" / 1" | G9: Decided | H9: =COUNTIF(C9:C9,"✔") | I9: 1 | J9: =IF(H9=I9,1,0) | K9: =J9*K8
B10: 4. Communicated | C10: ✔ | D10: De beslissing is bekend en geaccepteerd door degenen die het beïnvloedt. | E10: =COUNTIF(C10:C10,"✔")&" / 1" | G10: Communicated | H10: =COUNTIF(C10:C10,"✔") | I10: 1 | J10: =IF(H10=I10,1,0) | K10: =J10*K9
B11: 5. Validated | D11: De beslissing is bewezen door bewijs en uitkomst, of herzien. | E11: =COUNTIF(C11:C11,"✔")&" / 1" | G11: Validated | H11: =COUNTIF(C11:C11,"✔") | I11: 1 | J11: =IF(H11=I11,1,0) | K11: =J11*K10

Sheet Paved Road
B1: ← Dashboard | M1: =SUM(H7:H11)
B2: Paved Road | E2: ENTERPRISE | M2: =SUM(I7:I11)
B3: Het herbruikbare servicechassis van goedgekeurde producten, patronen en standaarden dat de conforme keuze de gemakkelijke maakt. | M3: =SUM(K7:K11)
B4: HUIDIGE TOESTAND | C4: VOORTGANG | D4: TOESTANDEN BEREIKT | E4: EIGENAAR · GEBIED | M4: =SUM(J7:J11)
B5: =IF(M3=0,"Niet gestart",INDEX(G7:G11,M3)) | C5: =IF(M2=0,0,M1/M2) | D5: =M4&" / "&5 | E5: MVA · SOL
B6: TOESTAND | C6: ✔ | D6: CHECKLISTPUNT | E6: TOESTANDSSTATUS
B7: 1. Seeded | C7: ✔ | D7: De behoefte aan een paved road is erkend. | E7: =COUNTIF(C7:C8,"✔")&" / 2" | G7: Seeded | H7: =COUNTIF(C7:C8,"✔") | I7: 2 | J7: =IF(H7=I7,1,0) | K7: =J7
C8: ✔ | D8: Een eerste goedgekeurde standaard of twee bestaat. | G8: Established | H8: =COUNTIF(C9:C10,"✔") | I8: 2 | J8: =IF(H8=I8,1,0) | K8: =J8*K7
B9: 2. Established | C9: ✔ | D9: Een coherent servicechassis van goedgekeurde producten, patronen en standaarden is gepubliceerd. | E9: =COUNTIF(C9:C10,"✔")&" / 2" | G9: Adopted | H9: =COUNTIF(C11:C12,"✔") | I9: 2 | J9: =IF(H9=I9,1,0) | K9: =J9*K8
C10: ✔ | D10: De paved road is zelfbedienbaar. | G10: Pervasive | H10: =COUNTIF(C13:C14,"✔") | I10: 2 | J10: =IF(H10=I10,1,0) | K10: =J10*K9
B11: 3. Adopted | C11: ✔ | D11: Teams bouwen standaard op de paved road. | E11: =COUNTIF(C11:C12,"✔")&" / 2" | G11: Evolving | H11: =COUNTIF(C15:C16,"✔") | I11: 2 | J11: =IF(H11=I11,1,0) | K11: =J11*K10
D12: On-road keuzes hebben geen beoordeling nodig.
B13: 4. Pervasive | D13: De paved road is de norm over het landgoed. | E13: =COUNTIF(C13:C14,"✔")&" / 2"
D14: Off-road gaan is de zeldzame, gerechtvaardige uitzondering.
B15: 5. Evolving | D15: De paved road wordt continu verbreed en gesnoeid. | E15: =COUNTIF(C15:C16,"✔")&" / 2"
D16: Lessen uit beoordelingen worden teruggekoppeld.

Sheet Work
B1: ← Dashboard | M1: =SUM(H7:H12)
B2: Work | E2: SOLUTION | M2: =SUM(I7:I12)
B3: De activiteit en inspanning die worden ingezet om het resultaat te produceren. | M3: =SUM(K7:K12)
B4: HUIDIGE TOESTAND | C4: VOORTGANG | D4: TOESTANDEN BEREIKT | E4: EIGENAAR · GEBIED | M4: =SUM(J7:J12)
B5: =IF(M3=0,"Niet gestart",INDEX(G7:G12,M3)) | C5: =IF(M2=0,0,M1/M2) | D5: =M4&" / "&6 | E5: Kernel · END
B6: TOESTAND | C6: ✔ | D6: CHECKLISTPUNT | E6: TOESTANDSSTATUS
B7: 1. Initiated | C7: ✔ | D7: De beperkingen en financieringscontext zijn duidelijk. | E7: =COUNTIF(C7:C10,"✔")&" / 4" | G7: Initiated | H7: =COUNTIF(C7:C10,"✔") | I7: 4 | J7: =IF(H7=I7,1,0) | K7: =J7
C8: ✔ | D8: De sponsors zijn geïdentificeerd. | G8: Prepared | H8: =COUNTIF(C11:C15,"✔") | I8: 5 | J8: =IF(H8=I8,1,0) | K8: =J8*K7
C9: ✔ | D9: De prioriteit is duidelijk. | G9: Started | H9: =COUNTIF(C16:C18,"✔") | I9: 3 | J9: =IF(H9=I9,1,0) | K9: =J9*K8
C10: ✔ | D10: Het werk is aangevraagd. | G10: Under Control | H10: =COUNTIF(C19:C21,"✔") | I10: 3 | J10: =IF(H10=I10,1,0) | K10: =J10*K9
B11: 2. Prepared | C11: ✔ | D11: Een geloofwaardig plan en schatting zijn aanwezig. | E11: =COUNTIF(C11:C15,"✔")&" / 5" | G11: Concluded | H11: =COUNTIF(C22:C23,"✔") | I11: 2 | J11: =IF(H11=I11,1,0) | K11: =J11*K10
C12: ✔ | D12: Financiering en middelen zijn toegezegd. | G12: Closed | H12: =COUNTIF(C24:C25,"✔") | I12: 2 | J12: =IF(H12=I12,1,0) | K12: =J12*K11
C13: ✔ | D13: Sleutelrisico's zijn geïdentificeerd en worden aangepakt.
C14: ✔ | D14: De succescriteria zijn overeengekomen.
C15: ✔ | D15: Governance en de manier van werken zijn aanwezig.
B16: 3. Started | C16: ✔ | D16: Het werk is begonnen en voortgang wordt bewaakt. | E16: =COUNTIF(C16:C18,"✔")&" / 3"
C17: ✔ | D17: Het team voert het werk uit.
D18: Taken worden afgerond.
B19: 4. Under Control | D19: Taken worden afgerond en risico's zijn onder controle. | E19: =COUNTIF(C19:C21,"✔")&" / 3"
D20: Schattingen worden bijgewerkt en herwerk is onder controle.
D21: Meetgegevens van voortgang en snelheid zijn beschikbaar.
B22: 5. Concluded | D22: Het werk om de resultaten te produceren is afgerond. | E22: =COUNTIF(C22:C23,"✔")&" / 2"
D23: De resultaten zijn bereikt en geaccepteerd door de stakeholders.
B24: 6. Closed | D24: Alles is gearchiveerd en lessen zijn vastgelegd. | E24: =COUNTIF(C24:C25,"✔")&" / 2"
D25: Het budget is afgerekend en het team is vrijgegeven.

Sheet Team
B1: ← Dashboard | M1: =SUM(H7:H11)
B2: Team | E2: SOLUTION | M2: =SUM(I7:I11)
B3: De groep die het systeem actief ontwikkelt, onderhoudt en ondersteunt. | M3: =SUM(K7:K11)
B4: HUIDIGE TOESTAND | C4: VOORTGANG | D4: TOESTANDEN BEREIKT | E4: EIGENAAR · GEBIED | M4: =SUM(J7:J11)
B5: =IF(M3=0,"Niet gestart",INDEX(G7:G11,M3)) | C5: =IF(M2=0,0,M1/M2) | D5: =M4&" / "&5 | E5: Kernel · END
B6: TOESTAND | C6: ✔ | D6: CHECKLISTPUNT | E6: TOESTANDSSTATUS
B7: 1. Seeded | C7: ✔ | D7: De teammissie is gedefinieerd. | E7: =COUNTIF(C7:C11,"✔")&" / 5" | G7: Seeded | H7: =COUNTIF(C7:C11,"✔") | I7: 5 | J7: =IF(H7=I7,1,0) | K7: =J7
C8: ✔ | D8: De beperkingen voor het team zijn bekend. | G8: Formed | H8: =COUNTIF(C12:C15,"✔") | I8: 4 | J8: =IF(H8=I8,1,0) | K8: =J8*K7
C9: ✔ | D9: De vereiste competenties zijn geïdentificeerd. | G9: Collaborating | H9: =COUNTIF(C16:C18,"✔") | I9: 3 | J9: =IF(H9=I9,1,0) | K9: =J9*K8
C10: ✔ | D10: Het leiderschap- en governance-model is geselecteerd. | G10: Performing | H10: =COUNTIF(C19:C21,"✔") | I10: 3 | J10: =IF(H10=I10,1,0) | K10: =J10*K9
C11: ✔ | D11: De teamomvang en -samenstelling zijn overeengekomen. | G11: Adjourned | H11: =COUNTIF(C22:C23,"✔") | I11: 2 | J11: =IF(H11=I11,1,0) | K11: =J11*K10
B12: 2. Formed | C12: ✔ | D12: Voldoende teamleden zijn geworven om te beginnen. | E12: =COUNTIF(C12:C15,"✔")&" / 4"
C13: ✔ | D13: Rollen en verantwoordelijkheden zijn begrepen.
C14: ✔ | D14: De leden begrijpen hoe ze samen moeten werken.
C15: ✔ | D15: De leden zijn betrokken en toegewijd.
B16: 3. Collaborating | C16: ✔ | D16: Het team werkt als één samenhangend geheel. | E16: =COUNTIF(C16:C18,"✔")&" / 3"
C17: ✔ | D17: Communicatie is open en eerlijk.
D18: Het team is gericht op het bereiken van de missie.
B19: 4. Performing | D19: Het team komt zijn verplichtingen consistent na. | E19: =COUNTIF(C19:C21,"✔")&" / 3"
D20: Het team past zich aan de veranderende context aan.
D21: Het team identificeert en pakt problemen aan zonder externe hulp.
B22: 5. Adjourned | D22: De verantwoordelijkheden van het team zijn overgedragen of vervuld. | E22: =COUNTIF(C22:C23,"✔")&" / 2"
D23: De middelen zijn vrijgegeven.

Sheet Way of Working
B1: ← Dashboard | M1: =SUM(H7:H12)
B2: Way of Working | E2: SOLUTION | M2: =SUM(I7:I12)
B3: De op maat gemaakte set van practices en tools die het team gebruikt om zijn werk te sturen. | M3: =SUM(K7:K12)
B4: HUIDIGE TOESTAND | C4: VOORTGANG | D4: TOESTANDEN BEREIKT | E4: EIGENAAR · GEBIED | M4: =SUM(J7:J12)
B5: =IF(M3=0,"Niet gestart",INDEX(G7:G12,M3)) | C5: =IF(M2=0,0,M1/M2) | D5: =M4&" / "&6 | E5: Kernel · END
B6: TOESTAND | C6: ✔ | D6: CHECKLISTPUNT | E6: TOESTANDSSTATUS
B7: 1. Principles Established | C7: ✔ | D7: De principes en beperkingen zijn door het team aanvaard. | E7: =COUNTIF(C7:C9,"✔")&" / 3" | G7: Principles Established | H7: =COUNTIF(C7:C9,"✔") | I7: 3 | J7: =IF(H7=I7,1,0) | K7: =J7
C8: ✔ | D8: De principes zijn overeengekomen met de stakeholders. | G8: Foundation Established | H8: =COUNTIF(C10:C12,"✔") | I8: 3 | J8: =IF(H8=I8,1,0) | K8: =J8*K7
C9: ✔ | D9: De tool- en practicebehoeften zijn begrepen. | G9: In Use | H9: =COUNTIF(C13:C15,"✔") | I9: 3 | J9: =IF(H9=I9,1,0) | K9: =J9*K8
B10: 2. Foundation Established | C10: ✔ | D10: De sleutelpractices en tools zijn geselecteerd en voldoende geïntegreerd om te beginnen. | E10: =COUNTIF(C10:C12,"✔")&" / 3" | G10: In Place | H10: =COUNTIF(C16:C18,"✔") | I10: 3 | J10: =IF(H10=I10,1,0) | K10: =J10*K9
C11: ✔ | D11: De niet-onderhandelbare practices zijn overeengekomen. | G11: Working Well | H11: =COUNTIF(C19:C21,"✔") | I11: 3 | J11: =IF(H11=I11,1,0) | K11: =J11*K10
C12: ✔ | D12: De capaciteitslacunes zijn begrepen. | G12: Retired | H12: =COUNTIF(C22:C23,"✔") | I12: 2 | J12: =IF(H12=I12,1,0) | K12: =J12*K11
B13: 3. In Use | C13: ✔ | D13: De practices en tools worden gebruikt door het team. | E13: =COUNTIF(C13:C15,"✔")&" / 3"
D14: Het team past de manier van werken aan aan zijn behoeften.
D15: Feedbackmechanismen zijn aanwezig.
B16: 4. In Place | D16: Het volledige team gebruikt de manier van werken. | E16: =COUNTIF(C16:C18,"✔")&" / 3"
D17: Het team heeft toegang tot de tools.
D18: De manier van werken wordt regelmatig geïnspecteerd.
B19: 5. Working Well | D19: Het team levert voorspelbaar op met behulp van de manier van werken. | E19: =COUNTIF(C19:C21,"✔")&" / 3"
D20: De practices worden natuurlijk toegepast en continu afgestemd.
D21: Het team verbetert de manier van werken continu.
B22: 6. Retired | D22: De manier van werken is niet meer in gebruik. | E22: =COUNTIF(C22:C23,"✔")&" / 2"
D23: De geleerde lessen zijn vastgelegd.

Sheet Governance
B1: ← Dashboard | M1: =SUM(H7:H11)
B2: Governance | E2: SPANS LEVELS | M2: =SUM(I7:I11)
B3: De lichtgewichte beslissingsbevoegdheden, guardrails en zekerheid die levering in lijn houden met de bedoeling. | M3: =SUM(K7:K11)
B4: HUIDIGE TOESTAND | C4: VOORTGANG | D4: TOESTANDEN BEREIKT | E4: EIGENAAR · GEBIED | M4: =SUM(J7:J11)
B5: =IF(M3=0,"Niet gestart",INDEX(G7:G11,M3)) | C5: =IF(M2=0,0,M1/M2) | D5: =M4&" / "&5 | E5: MVG · END
B6: TOESTAND | C6: ✔ | D6: CHECKLISTPUNT | E6: TOESTANDSSTATUS
B7: 1. Initiated | C7: ✔ | D7: De beslissingsbevoegdheden en minimale guardrails zijn overeengekomen. | E7: =COUNTIF(C7:C8,"✔")&" / 2" | G7: Initiated | H7: =COUNTIF(C7:C8,"✔") | I7: 2 | J7: =IF(H7=I7,1,0) | K7: =J7
C8: ✔ | D8: Het is duidelijk wie wat beslist. | G8: Engaged | H8: =COUNTIF(C9:C10,"✔") | I8: 2 | J8: =IF(H8=I8,1,0) | K8: =J8*K7
B9: 2. Engaged | C9: ✔ | D9: Een lean governance-ritme is operationeel. | E9: =COUNTIF(C9:C10,"✔")&" / 2" | G9: Guiding | H9: =COUNTIF(C11:C12,"✔") | I9: 2 | J9: =IF(H9=I9,1,0) | K9: =J9*K8
C10: ✔ | D10: De teams kennen de guardrails. | G10: Assured | H10: =COUNTIF(C13:C14,"✔") | I10: 2 | J10: =IF(H10=I10,1,0) | K10: =J10*K9
B11: 3. Guiding | C11: ✔ | D11: Beslissingen stromen binnen de guardrails. | E11: =COUNTIF(C11:C12,"✔")&" / 2" | G11: Effective | H11: =COUNTIF(C15:C16,"✔") | I11: 2 | J11: =IF(H11=I11,1,0) | K11: =J11*K10
C12: ✔ | D12: Alleen uitzonderingen worden geëscaleerd.
B13: 4. Assured | C13: ✔ | D13: Conformance is aangetoond waar het werkelijk van belang is. | E13: =COUNTIF(C13:C14,"✔")&" / 2"
D14: De architectuurbeoordelingen worden opgevolgd.
B15: 5. Effective | D15: Governance maakt levering aantoonbaar mogelijk. | E15: =COUNTIF(C15:C16,"✔")&" / 2"
D16: De governance zelf wordt continu afgestemd en verlicht.
